{
   "data" : [
      {
         "mfcc" : [
            -516.9435424804688,
            50.67808532714844,
            -7.867904663085938,
            39.14200592041016,
            -6.444095611572266,
            3.36029052734375,
            -16.39039993286133,
            19.4366569519043,
            5.603069305419922,
            -15.17041015625,
            5.686168670654297,
            4.092233657836914,
            -13.67138671875
         ],
         "parameters" : {
            "grainLength" : 0.1000000014901161,
            "overlaps" : 5,
            "pitch" : 1,
            "position" : 0,
            "speed" : 1
         }
      },
      {
         "mfcc" : [
            -665.9954833984375,
            84.57823944091797,
            34.76337432861328,
            26.84005355834961,
            -6.302600860595703,
            25.33031272888184,
            -3.753669738769531,
            4.050830841064453,
            -1.721530914306641,
            -6.586647033691406,
            -4.828987121582031,
            -5.710414886474609,
            -11.9185962677002
         ],
         "parameters" : {
            "grainLength" : 0.1000000014901161,
            "overlaps" : 5,
            "pitch" : 1,
            "position" : 0,
            "speed" : 1
         }
      },
      {
         "mfcc" : [
            -863.9805908203125,
            24.76241683959961,
            23.41787719726562,
            21.30485534667969,
            18.59955978393555,
            15.52112197875977,
            12.30717468261719,
            9.189670562744141,
            6.371730804443359,
            4.009754180908203,
            2.201286315917969,
            0.9808769226074219,
            0.3231544494628906
         ],
         "parameters" : {
            "grainLength" : 0.1000000014901161,
            "overlaps" : 5,
            "pitch" : 1,
            "position" : 0,
            "speed" : 1
         }
      },
      {
         "mfcc" : [
            -664.0389404296875,
            167.2333068847656,
            6.717197418212891,
            -14.77785491943359,
            -12.19256591796875,
            -0.4746131896972656,
            -9.8983154296875,
            -6.759098052978516,
            10.33772659301758,
            4.6898193359375,
            7.834903717041016,
            6.337718963623047,
            2.283355712890625
         ],
         "parameters" : {
            "grainLength" : 0.2643400132656097,
            "overlaps" : 5,
            "pitch" : 1,
            "position" : 0.1800000071525574,
            "speed" : 1
         }
      },
      {
         "mfcc" : [
            -656.95166015625,
            179.3985595703125,
            19.69783020019531,
            -7.353263854980469,
            -5.626121520996094,
            7.247234344482422,
            -10.81939697265625,
            -12.54769515991211,
            9.754135131835938,
            8.551090240478516,
            6.656620025634766,
            1.305644989013672,
            1.10748291015625
         ],
         "parameters" : {
            "grainLength" : 0.2643400132656097,
            "overlaps" : 5,
            "pitch" : 1,
            "position" : 0.1800000071525574,
            "speed" : 1
         }
      },
      {
         "mfcc" : [
            -661.9795532226562,
            168.4705047607422,
            8.464679718017578,
            -10.21344757080078,
            -9.335273742675781,
            -2.877109527587891,
            -11.38563537597656,
            -7.254444122314453,
            5.802207946777344,
            6.848594665527344,
            11.60674285888672,
            2.329021453857422,
            -0.8898849487304688
         ],
         "parameters" : {
            "grainLength" : 0.2643400132656097,
            "overlaps" : 5,
            "pitch" : 1,
            "position" : 0.1800000071525574,
            "speed" : 0.8500000238418579
         }
      },
      {
         "mfcc" : [
            -667.7327270507812,
            161.7147827148438,
            2.011386871337891,
            -16.89180755615234,
            -8.672889709472656,
            9.474781036376953,
            -3.595542907714844,
            -8.534992218017578,
            12.63499069213867,
            12.19634246826172,
            8.528038024902344,
            3.600902557373047,
            1.430965423583984
         ],
         "parameters" : {
            "grainLength" : 0.2643400132656097,
            "overlaps" : 5,
            "pitch" : 1,
            "position" : 0.1800000071525574,
            "speed" : 0.8500000238418579
         }
      },
      {
         "mfcc" : [
            -658.5440673828125,
            176.9284210205078,
            15.13780212402344,
            -8.085319519042969,
            -0.8216781616210938,
            12.33567428588867,
            -2.919166564941406,
            -7.737873077392578,
            8.511497497558594,
            7.315540313720703,
            7.452323913574219,
            1.875476837158203,
            -3.577980041503906
         ],
         "parameters" : {
            "grainLength" : 0.2643400132656097,
            "overlaps" : 5,
            "pitch" : 1,
            "position" : 0.1800000071525574,
            "speed" : 0.8500000238418579
         }
      },
      {
         "mfcc" : [
            -659.4780883789062,
            175.5426330566406,
            14.78973388671875,
            -8.434623718261719,
            -0.2466278076171875,
            10.9223747253418,
            -7.526496887207031,
            -8.258861541748047,
            9.100307464599609,
            9.755607604980469,
            10.47741317749023,
            -0.3432350158691406,
            -5.080665588378906
         ],
         "parameters" : {
            "grainLength" : 0.2643400132656097,
            "overlaps" : 5,
            "pitch" : 1,
            "position" : 0.1800000071525574,
            "speed" : 0
         }
      }
   ]
}

