{
   "data" : [
      null,
      {
         "mfcc" : [
            -556.6913452148438,
            27.26900863647461,
            25.18364334106445,
            10.9970760345459,
            1.059780120849609,
            18.66028785705566,
            -1.064655303955078,
            3.807193756103516,
            10.02038764953613,
            -6.985315322875977,
            -2.554298400878906,
            -2.879709243774414,
            6.334373474121094
         ],
         "parameters" : {
            "grainLength" : 0.1000000014901161,
            "overlaps" : 5,
            "pitch" : 1,
            "playmode" : true,
            "position" : 0,
            "speed" : 1
         }
      },
      {
         "mfcc" : [
            -868.66455078125,
            18.40920639038086,
            17.84683227539062,
            16.93922424316406,
            15.72829818725586,
            14.2692756652832,
            12.62632751464844,
            10.8690071105957,
            9.067653656005859,
            7.289691925048828,
            5.595664978027344,
            4.036563873291016,
            2.652095794677734
         ],
         "parameters" : {
            "grainLength" : 0.1000000014901161,
            "overlaps" : 5,
            "pitch" : 1,
            "playmode" : true,
            "position" : 0,
            "speed" : 1
         }
      },
      {
         "mfcc" : [
            -647.61328125,
            102.6332550048828,
            21.19512939453125,
            12.85086822509766,
            23.8011589050293,
            4.126834869384766,
            15.54663467407227,
            16.48713874816895,
            -7.298038482666016,
            4.383380889892578,
            -2.442008972167969,
            7.655237197875977,
            -3.774738311767578
         ],
         "parameters" : {
            "grainLength" : 0.1000000014901161,
            "overlaps" : 5,
            "pitch" : 1.399999976158142,
            "playmode" : true,
            "position" : 0,
            "speed" : 1
         }
      },
      {
         "mfcc" : [
            -604.4847412109375,
            95.30996704101562,
            23.52996826171875,
            20.57267379760742,
            33.95896530151367,
            11.55981826782227,
            32.60790634155273,
            7.829421997070312,
            8.067665100097656,
            6.127880096435547,
            -11.8673210144043,
            -9.372827529907227,
            -7.413904190063477
         ],
         "parameters" : {
            "grainLength" : 0.1000000014901161,
            "overlaps" : 5,
            "pitch" : 1.789999961853027,
            "playmode" : true,
            "position" : 0,
            "speed" : 1
         }
      },
      {
         "mfcc" : [
            -597.4616088867188,
            98.19082641601562,
            33.45727157592773,
            27.62949371337891,
            27.14725875854492,
            14.86746025085449,
            16.42404174804688,
            -2.156734466552734,
            6.291900634765625,
            2.5653076171875,
            -0.3976325988769531,
            -3.177898406982422,
            -4.114240646362305
         ],
         "parameters" : {
            "grainLength" : 0.1000000014901161,
            "overlaps" : 5,
            "pitch" : 2,
            "playmode" : true,
            "position" : 0,
            "speed" : 1
         }
      },
      {
         "mfcc" : [
            -789.11328125,
            23.89418411254883,
            62.61967849731445,
            40.20909881591797,
            37.39110565185547,
            29.65829658508301,
            21.68878173828125,
            37.52473068237305,
            8.662742614746094,
            10.7581844329834,
            7.943183898925781,
            5.840553283691406,
            8.099048614501953
         ],
         "parameters" : {
            "grainLength" : 0.1000000014901161,
            "overlaps" : 5,
            "pitch" : 1.149999976158142,
            "playmode" : true,
            "position" : 0,
            "speed" : 1
         }
      },
      {
         "mfcc" : [
            -643.243896484375,
            71.52119445800781,
            18.53632354736328,
            -7.448291778564453,
            -7.65399169921875,
            5.613506317138672,
            -8.544422149658203,
            -0.5242881774902344,
            -13.53992462158203,
            -6.921092987060547,
            -6.658567428588867,
            -12.96007537841797,
            -1.832483291625977
         ],
         "parameters" : {
            "grainLength" : 0.1000000014901161,
            "overlaps" : 2.349999904632568,
            "pitch" : 1.149999976158142,
            "playmode" : false,
            "position" : 0.2249999940395355,
            "speed" : 0
         }
      },
      {
         "mfcc" : [
            -625.2334594726562,
            127.0176391601562,
            -21.5030517578125,
            37.98633575439453,
            16.49039459228516,
            4.611759185791016,
            -10.036376953125,
            11.15814208984375,
            3.182689666748047,
            5.495975494384766,
            18.106689453125,
            -1.622184753417969,
            12.01634216308594
         ],
         "parameters" : {
            "grainLength" : 0.2204500138759613,
            "overlaps" : 4.300000190734863,
            "pitch" : 0.3600000143051147,
            "playmode" : false,
            "position" : 0.239999994635582,
            "speed" : 0
         }
      },
      {
         "mfcc" : [
            -618.5499877929688,
            141.9276428222656,
            -16.26371383666992,
            34.59942245483398,
            16.59191513061523,
            -17.00830841064453,
            -8.262615203857422,
            20.15569496154785,
            -4.171127319335938,
            -5.392070770263672,
            17.89626693725586,
            -13.98198699951172,
            9.601619720458984
         ],
         "parameters" : {
            "grainLength" : 0.2204500138759613,
            "overlaps" : 4.300000190734863,
            "pitch" : 0.3600000143051147,
            "playmode" : false,
            "position" : 0.4600000083446503,
            "speed" : 0
         }
      }
   ]
}

