{
   "data" : [
      null,
      {
         "mfcc" : [
            -881.8165283203125,
            2.6702880859375e-05,
            -1.1444091796875e-05,
            1.52587890625e-05,
            -4.57763671875e-05,
            -1.9073486328125e-05,
            -3.0517578125e-05,
            -1.1444091796875e-05,
            -3.4332275390625e-05,
            3.814697265625e-06,
            7.62939453125e-06,
            -3.4332275390625e-05,
            -3.814697265625e-05
         ],
         "parameters" : {
            "grainLength" : 0.1000000014901161,
            "overlaps" : 5,
            "pitch" : 1,
            "position" : 0,
            "rate" : 1
         }
      },
      {
         "mfcc" : [
            -464.443359375,
            59.16583251953125,
            13.23955917358398,
            -1.356182098388672,
            -8.4105224609375,
            17.55860328674316,
            -3.164196014404297,
            6.305740356445312,
            -0.03120803833007812,
            3.378028869628906,
            -5.079944610595703,
            -3.299713134765625,
            2.945051193237305
         ],
         "parameters" : {
            "grainLength" : 0.1000000014901161,
            "overlaps" : 5,
            "pitch" : 1,
            "position" : 0,
            "rate" : 1
         }
      },
      {
         "mfcc" : [
            -582.80126953125,
            30.23068618774414,
            32.58927917480469,
            12.95096397399902,
            -5.516155242919922,
            28.66684722900391,
            -3.884113311767578,
            14.62696075439453,
            2.025436401367188,
            -0.9440803527832031,
            0.4506053924560547,
            3.763406753540039,
            -3.101179122924805
         ],
         "parameters" : {
            "grainLength" : 0.1000000014901161,
            "overlaps" : 5,
            "pitch" : 1,
            "position" : 0,
            "rate" : 1
         }
      },
      {
         "mfcc" : [
            -537.6793823242188,
            100.9550476074219,
            -13.76142120361328,
            -18.60628890991211,
            -4.461345672607422,
            -0.7541923522949219,
            -10.29078102111816,
            1.231712341308594,
            15.81990051269531,
            0.6000175476074219,
            4.65045166015625,
            6.640647888183594,
            1.00944709777832
         ],
         "parameters" : {
            "grainLength" : 0.1000000014901161,
            "overlaps" : 5,
            "pitch" : 1,
            "position" : 0,
            "rate" : 1
         }
      }
   ]
}

